MLNK,https://www.sec.gov/ix?doc=/Archives/edgar/data/0001834494/000183449424000165/mlnk-20240930.htm
MLNK,https://www.sec.gov/ix?doc=/Archives/edgar/data/0001834494/000183449424000131/mlnk-20240630.htm
MLNK,https://www.sec.gov/ix?doc=/Archives/edgar/data/0001834494/000183449424000084/mlnk-20240331.htm
MLNK,https://www.sec.gov/ix?doc=/Archives/edgar/data/0001834494/000183449424000038/mlnk-20231231.htm
MLNK,https://www.sec.gov/ix?doc=/Archives/edgar/data/0001834494/000183449423000132/mlnk-20230930.htm
MLNK,https://www.sec.gov/ix?doc=/Archives/edgar/data/0001834494/000183449423000102/mlnk-20230630.htm
MLNK,https://www.sec.gov/ix?doc=/Archives/edgar/data/0001834494/000183449423000060/mlnk-20230331.htm
MLNK,https://www.sec.gov/ix?doc=/Archives/edgar/data/0001834494/000183449423000026/mlnk-20221231.htm
MLNK,https://www.sec.gov/ix?doc=/Archives/edgar/data/0001834494/000183449422000109/mlnk-20220930.htm
MLNK,https://www.sec.gov/ix?doc=/Archives/edgar/data/0001834494/000183449422000093/mlnk-20220630.htm
MLNK,https://www.sec.gov/ix?doc=/Archives/edgar/data/0001834494/000183449422000038/mlnk-20220331.htm
MLNK,https://www.sec.gov/ix?doc=/Archives/edgar/data/0001834494/000183449422000015/mlnk-20211231.htm
MLNK,https://www.sec.gov/ix?doc=/Archives/edgar/data/0001834494/000183449421000019/mlnk-20210930.htm
MLNK,https://www.sec.gov/ix?doc=/Archives/edgar/data/0001834494/000119312521282240/d118616d10qa.htm
MLNK,https://www.sec.gov/Archives/edgar/data/0001834494/000119312521266680/d118616d10q.htm
PD,https://www.sec.gov/ix?doc=/Archives/edgar/data/0001568100/000156810024000139/pd-20241031.htm
PD,https://www.sec.gov/ix?doc=/Archives/edgar/data/0001568100/000156810024000109/pd-20240731.htm
PD,https://www.sec.gov/ix?doc=/Archives/edgar/data/0001568100/000156810024000058/pd-20240430.htm
PD,https://www.sec.gov/ix?doc=/Archives/edgar/data/0001568100/000156810024000021/pd-20240131.htm
PD,https://www.sec.gov/ix?doc=/Archives/edgar/data/0001568100/000156810024000013/pd-20240131.htm
PD,https://www.sec.gov/ix?doc=/Archives/edgar/data/0001568100/000162828023040445/pd-20231031.htm
PD,https://www.sec.gov/ix?doc=/Archives/edgar/data/0001568100/000156810023000045/pd-20230731.htm
PD,https://www.sec.gov/ix?doc=/Archives/edgar/data/0001568100/000156810023000034/pd-20230430.htm
PD,https://www.sec.gov/ix?doc=/Archives/edgar/data/0001568100/000156810023000013/pd-20230131.htm
PD,https://www.sec.gov/ix?doc=/Archives/edgar/data/0001568100/000156810022000050/pd-20221031.htm
PD,https://www.sec.gov/ix?doc=/Archives/edgar/data/0001568100/000156810022000044/pd-20220731.htm
PD,https://www.sec.gov/ix?doc=/Archives/edgar/data/0001568100/000156810022000029/pd-20220430.htm
PD,https://www.sec.gov/ix?doc=/Archives/edgar/data/0001568100/000156810022000014/pd-20220131.htm
PD,https://www.sec.gov/ix?doc=/Archives/edgar/data/0001568100/000156810021000047/pd-20211031.htm
PD,https://www.sec.gov/ix?doc=/Archives/edgar/data/0001568100/000156810021000037/pd-20210731.htm
PD,https://www.sec.gov/ix?doc=/Archives/edgar/data/0001568100/000156810021000029/pd-20210430.htm
PD,https://www.sec.gov/ix?doc=/Archives/edgar/data/0001568100/000156810021000011/pd-20210131.htm
PD,https://www.sec.gov/ix?doc=/Archives/edgar/data/0001568100/000156810020000058/pd-20201031.htm
PD,https://www.sec.gov/ix?doc=/Archives/edgar/data/0001568100/000156810020000041/pd-20200731.htm
PD,https://www.sec.gov/ix?doc=/Archives/edgar/data/0001568100/000156810020000028/pagerdutyq1fy2021-10q.htm
PD,https://www.sec.gov/ix?doc=/Archives/edgar/data/0001568100/000156810020000013/pagerdutyq42020-10k.htm
PD,https://www.sec.gov/ix?doc=/Archives/edgar/data/0001568100/000156810019000020/pagerdutyq32019-10q.htm
PD,https://www.sec.gov/ix?doc=/Archives/edgar/data/0001568100/000156810019000014/pagerdutyq22019-10q.htm
PD,https://www.sec.gov/ix?doc=/Archives/edgar/data/0001568100/000156810019000008/pagerdutyq-12019x10q.htm
AMPL,https://www.sec.gov/ix?doc=/Archives/edgar/data/0001866692/000095017024123339/ampl-20240930.htm
AMPL,https://www.sec.gov/ix?doc=/Archives/edgar/data/0001866692/000095017024093925/ampl-20240630.htm
AMPL,https://www.sec.gov/ix?doc=/Archives/edgar/data/0001866692/000095017024056922/ampl-20240331.htm
AMPL,https://www.sec.gov/ix?doc=/Archives/edgar/data/0001866692/000095017024017102/ampl-20231231.htm
AMPL,https://www.sec.gov/ix?doc=/Archives/edgar/data/0001866692/000095017023060240/ampl-20230930.htm
AMPL,https://www.sec.gov/ix?doc=/Archives/edgar/data/0001866692/000095017023039800/ampl-20230630.htm
AMPL,https://www.sec.gov/ix?doc=/Archives/edgar/data/0001866692/000095017023020495/ampl-20230331.htm
AMPL,https://www.sec.gov/ix?doc=/Archives/edgar/data/0001866692/000095017023003045/ampl-20221231.htm
AMPL,https://www.sec.gov/ix?doc=/Archives/edgar/data/0001866692/000095017022021850/ampl-20220930.htm
AMPL,https://www.sec.gov/ix?doc=/Archives/edgar/data/0001866692/000095017022014805/ampl-20220630.htm
AMPL,https://www.sec.gov/ix?doc=/Archives/edgar/data/0001866692/000095017022007901/ampl-20220331.htm
AMPL,https://www.sec.gov/ix?doc=/Archives/edgar/data/0001866692/000095017022001372/ampl-20211231.htm
AMPL,https://www.sec.gov/ix?doc=/Archives/edgar/data/0001866692/000095017021003770/ampl-20210930.htm
CMPO,https://www.sec.gov/ix?doc=/Archives/edgar/data/0001823144/000182314424000012/cmpo-20240930.htm
CMPO,https://www.sec.gov/ix?doc=/Archives/edgar/data/0001823144/000182314424000007/cmpo-20240630.htm
CMPO,https://www.sec.gov/ix?doc=/Archives/edgar/data/0001823144/000182314424000004/cmpo-20240331.htm
CMPO,https://www.sec.gov/ix?doc=/Archives/edgar/data/0001823144/000182314424000002/cmpo-20231231.htm
CMPO,https://www.sec.gov/ix?doc=/Archives/edgar/data/0001823144/000182314423000014/cmpo-20230930.htm
CMPO,https://www.sec.gov/ix?doc=/Archives/edgar/data/0001823144/000182314423000011/cmpo-20230630.htm
CMPO,https://www.sec.gov/ix?doc=/Archives/edgar/data/0001823144/000182314423000008/cmpo-20230331.htm
CMPO,https://www.sec.gov/ix?doc=/Archives/edgar/data/0001823144/000182314423000006/cmpo-20221231.htm
CMPO,https://www.sec.gov/ix?doc=/Archives/edgar/data/0001823144/000182314422000015/cmpo-20220930.htm
CMPO,https://www.sec.gov/ix?doc=/Archives/edgar/data/0001823144/000182314422000011/cmpo-20220630.htm
CMPO,https://www.sec.gov/ix?doc=/Archives/edgar/data/0001823144/000182314422000008/cmpo-20220331.htm
CMPO,https://www.sec.gov/ix?doc=/Archives/edgar/data/0001823144/000182314422000005/comp-20211231.htm
CMPO,https://www.sec.gov/Archives/edgar/data/0001823144/000110465921142283/tm2133505d1_10ka.htm
CMPO,https://www.sec.gov/ix?doc=/Archives/edgar/data/0001823144/000110465921139224/tmb-20210930x10q.htm
CMPO,https://www.sec.gov/ix?doc=/Archives/edgar/data/0001823144/000110465921105212/tmb-20210630x10q.htm
CMPO,https://www.sec.gov/Archives/edgar/data/0001823144/000110465921071488/tm2113992d1_10q.htm
CMPO,https://www.sec.gov/Archives/edgar/data/0001823144/000110465921071485/tm2117113d1_10ka.htm
CMPO,https://www.sec.gov/Archives/edgar/data/0001823144/000110465921068139/tm2113992d3_nt10q.htm
CMPO,https://www.sec.gov/Archives/edgar/data/0001823144/000110465921042920/tm218734d1_10k.htm
CMPO,https://www.sec.gov/Archives/edgar/data/0001823144/000110465920137539/tm2038383d1_10q.htm
WEAV,https://www.sec.gov/ix?doc=/Archives/edgar/data/0001609151/000160915124000149/weav-20240930.htm
WEAV,https://www.sec.gov/ix?doc=/Archives/edgar/data/0001609151/000160915124000093/weav-20240630.htm
WEAV,https://www.sec.gov/ix?doc=/Archives/edgar/data/0001609151/000160915124000050/weav-20240331.htm
WEAV,https://www.sec.gov/ix?doc=/Archives/edgar/data/0001609151/000160915124000021/weav-20231231.htm
WEAV,https://www.sec.gov/ix?doc=/Archives/edgar/data/0001609151/000160915123000031/weav-20230930.htm
WEAV,https://www.sec.gov/ix?doc=/Archives/edgar/data/0001609151/000160915123000027/weav-20230630.htm
WEAV,https://www.sec.gov/ix?doc=/Archives/edgar/data/0001609151/000160915123000021/weav-20230331.htm
WEAV,https://www.sec.gov/ix?doc=/Archives/edgar/data/0001609151/000160915123000004/weav-20221231.htm
WEAV,https://www.sec.gov/ix?doc=/Archives/edgar/data/0001609151/000160915122000052/weav-20220930.htm
WEAV,https://www.sec.gov/ix?doc=/Archives/edgar/data/0001609151/000160915122000033/weav-20220630.htm
WEAV,https://www.sec.gov/ix?doc=/Archives/edgar/data/0001609151/000160915122000025/weav-20220331.htm
WEAV,https://www.sec.gov/ix?doc=/Archives/edgar/data/0001609151/000160915122000008/weav-20211231.htm
WEAV,https://www.sec.gov/ix?doc=/Archives/edgar/data/0001609151/000160915121000006/weav-20210930.htm
EGHT,https://www.sec.gov/ix?doc=/Archives/edgar/data/0001023731/000102373125000006/eght-20241231.htm
EGHT,https://www.sec.gov/ix?doc=/Archives/edgar/data/0001023731/000102373124000120/eght-20240930.htm
EGHT,https://www.sec.gov/ix?doc=/Archives/edgar/data/0001023731/000102373124000073/eght-20240630.htm
EGHT,https://www.sec.gov/ix?doc=/Archives/edgar/data/0001023731/000102373124000042/eght-20240331.htm
EGHT,https://www.sec.gov/ix?doc=/Archives/edgar/data/0001023731/000102373124000006/eght-20231231.htm
EGHT,https://www.sec.gov/ix?doc=/Archives/edgar/data/0001023731/000102373123000151/eght-20230930.htm
EGHT,https://www.sec.gov/ix?doc=/Archives/edgar/data/0001023731/000102373123000129/eght-20230630.htm
EGHT,https://www.sec.gov/ix?doc=/Archives/edgar/data/0001023731/000102373123000061/eght-20230331.htm
EGHT,https://www.sec.gov/ix?doc=/Archives/edgar/data/0001023731/000102373123000020/eght-20221231.htm
EGHT,https://www.sec.gov/ix?doc=/Archives/edgar/data/0001023731/000102373122000214/eght-20220930.htm
EGHT,https://www.sec.gov/ix?doc=/Archives/edgar/data/0001023731/000102373122000169/eght-20220630.htm
EGHT,https://www.sec.gov/ix?doc=/Archives/edgar/data/0001023731/000102373122000087/eght-20220331.htm
EGHT,https://www.sec.gov/ix?doc=/Archives/edgar/data/0001023731/000102373122000034/eght-20211231.htm
EGHT,https://www.sec.gov/ix?doc=/Archives/edgar/data/0001023731/000102373121000243/eght-20210930.htm
EGHT,https://www.sec.gov/ix?doc=/Archives/edgar/data/0001023731/000102373121000161/eght-20210630.htm
EGHT,https://www.sec.gov/ix?doc=/Archives/edgar/data/0001023731/000102373121000091/eght-20210331.htm
EGHT,https://www.sec.gov/ix?doc=/Archives/edgar/data/0001023731/000102373121000035/eght-20201231.htm
EGHT,https://www.sec.gov/ix?doc=/Archives/edgar/data/0001023731/000102373120000179/eght-20200930.htm
EGHT,https://www.sec.gov/ix?doc=/Archives/edgar/data/0001023731/000102373120000106/a8x8630202010-qq1.htm
EGHT,https://www.sec.gov/ix?doc=/Archives/edgar/data/0001023731/000102373120000049/a8x8331202010-k.htm
EGHT,https://www.sec.gov/ix?doc=/Archives/edgar/data/0001023731/000102373120000020/a8x81231201910-qq3.htm
EGHT,https://www.sec.gov/ix?doc=/Archives/edgar/data/0001023731/000102373119000146/a8x89301910-qq2.htm
EGHT,https://www.sec.gov/ix?doc=/Archives/edgar/data/0001023731/000102373119000079/a8x86301910-qq1.htm
EGHT,https://www.sec.gov/Archives/edgar/data/0001023731/000102373119000037/a10-kdocument.htm
EGHT,https://www.sec.gov/Archives/edgar/data/0001023731/000102373119000008/a8x812311810-qq3.htm
EGHT,https://www.sec.gov/Archives/edgar/data/0001023731/000113626118000295/form10q.htm
EGHT,https://www.sec.gov/Archives/edgar/data/0001023731/000113626118000201/form10q.htm
EGHT,https://www.sec.gov/Archives/edgar/data/0001023731/000113626118000158/body10k.htm
EGHT,https://www.sec.gov/Archives/edgar/data/0001023731/000113626118000022/form10q.htm
EGHT,https://www.sec.gov/Archives/edgar/data/0001023731/000113626117000248/form10q.htm
EGHT,https://www.sec.gov/Archives/edgar/data/0001023731/000113626117000162/form10q.htm
EGHT,https://www.sec.gov/Archives/edgar/data/0001023731/000113626117000117/body10k.htm
EGHT,https://www.sec.gov/Archives/edgar/data/0001023731/000113626117000025/form10q.htm
EGHT,https://www.sec.gov/Archives/edgar/data/0001023731/000113626116000648/form10q.htm
EGHT,https://www.sec.gov/Archives/edgar/data/0001023731/000113626116000571/form10q.htm
EGHT,https://www.sec.gov/Archives/edgar/data/0001023731/000113626116000536/body10ka.htm
EGHT,https://www.sec.gov/Archives/edgar/data/0001023731/000113626116000496/body10k.htm
EGHT,https://www.sec.gov/Archives/edgar/data/0001023731/000113626116000381/form10q.htm
EGHT,https://www.sec.gov/Archives/edgar/data/0001023731/000113626115000300/form10q.htm
EGHT,https://www.sec.gov/Archives/edgar/data/0001023731/000113626115000236/form10q.htm
EGHT,https://www.sec.gov/Archives/edgar/data/0001023731/000113626115000166/body10k.htm
EGHT,https://www.sec.gov/Archives/edgar/data/0001023731/000113626115000022/form10q.htm
EGHT,https://www.sec.gov/Archives/edgar/data/0001023731/000113626114000441/form10q.htm
EGHT,https://www.sec.gov/Archives/edgar/data/0001023731/000113626114000326/form10q.htm
EGHT,https://www.sec.gov/Archives/edgar/data/0001023731/000113626114000239/body10k.htm
EGHT,https://www.sec.gov/Archives/edgar/data/0001023731/000113626114000037/form10q.htm
MLNK,https://www.sec.gov/ix?doc=/Archives/edgar/data/0001834494/000183449424000165/mlnk-20240930.htm
MLNK,https://www.sec.gov/ix?doc=/Archives/edgar/data/0001834494/000183449424000131/mlnk-20240630.htm
MLNK,https://www.sec.gov/ix?doc=/Archives/edgar/data/0001834494/000183449424000084/mlnk-20240331.htm
MLNK,https://www.sec.gov/ix?doc=/Archives/edgar/data/0001834494/000183449424000038/mlnk-20231231.htm
MLNK,https://www.sec.gov/ix?doc=/Archives/edgar/data/0001834494/000183449423000132/mlnk-20230930.htm
MLNK,https://www.sec.gov/ix?doc=/Archives/edgar/data/0001834494/000183449423000102/mlnk-20230630.htm
MLNK,https://www.sec.gov/ix?doc=/Archives/edgar/data/0001834494/000183449423000060/mlnk-20230331.htm
MLNK,https://www.sec.gov/ix?doc=/Archives/edgar/data/0001834494/000183449423000026/mlnk-20221231.htm
MLNK,https://www.sec.gov/ix?doc=/Archives/edgar/data/0001834494/000183449422000109/mlnk-20220930.htm
MLNK,https://www.sec.gov/ix?doc=/Archives/edgar/data/0001834494/000183449422000093/mlnk-20220630.htm
MLNK,https://www.sec.gov/ix?doc=/Archives/edgar/data/0001834494/000183449422000038/mlnk-20220331.htm
MLNK,https://www.sec.gov/ix?doc=/Archives/edgar/data/0001834494/000183449422000015/mlnk-20211231.htm
MLNK,https://www.sec.gov/ix?doc=/Archives/edgar/data/0001834494/000183449421000019/mlnk-20210930.htm
MLNK,https://www.sec.gov/ix?doc=/Archives/edgar/data/0001834494/000119312521282240/d118616d10qa.htm
MLNK,https://www.sec.gov/Archives/edgar/data/0001834494/000119312521266680/d118616d10q.htm
MLNK,https://www.sec.gov/ix?doc=/Archives/edgar/data/0001834494/000183449424000165/mlnk-20240930.htm
MLNK,https://www.sec.gov/ix?doc=/Archives/edgar/data/0001834494/000183449424000131/mlnk-20240630.htm
MLNK,https://www.sec.gov/ix?doc=/Archives/edgar/data/0001834494/000183449424000084/mlnk-20240331.htm
MLNK,https://www.sec.gov/ix?doc=/Archives/edgar/data/0001834494/000183449424000038/mlnk-20231231.htm
MLNK,https://www.sec.gov/ix?doc=/Archives/edgar/data/0001834494/000183449423000132/mlnk-20230930.htm
MLNK,https://www.sec.gov/ix?doc=/Archives/edgar/data/0001834494/000183449423000102/mlnk-20230630.htm
MLNK,https://www.sec.gov/ix?doc=/Archives/edgar/data/0001834494/000183449423000060/mlnk-20230331.htm
MLNK,https://www.sec.gov/ix?doc=/Archives/edgar/data/0001834494/000183449423000026/mlnk-20221231.htm
MLNK,https://www.sec.gov/ix?doc=/Archives/edgar/data/0001834494/000183449422000109/mlnk-20220930.htm
MLNK,https://www.sec.gov/ix?doc=/Archives/edgar/data/0001834494/000183449422000093/mlnk-20220630.htm
MLNK,https://www.sec.gov/ix?doc=/Archives/edgar/data/0001834494/000183449422000038/mlnk-20220331.htm
MLNK,https://www.sec.gov/ix?doc=/Archives/edgar/data/0001834494/000183449422000015/mlnk-20211231.htm
MLNK,https://www.sec.gov/ix?doc=/Archives/edgar/data/0001834494/000183449421000019/mlnk-20210930.htm
MLNK,https://www.sec.gov/ix?doc=/Archives/edgar/data/0001834494/000119312521282240/d118616d10qa.htm
MLNK,https://www.sec.gov/Archives/edgar/data/0001834494/000119312521266680/d118616d10q.htm
PD,https://www.sec.gov/ix?doc=/Archives/edgar/data/0001568100/000156810024000139/pd-20241031.htm
PD,https://www.sec.gov/ix?doc=/Archives/edgar/data/0001568100/000156810024000109/pd-20240731.htm
PD,https://www.sec.gov/ix?doc=/Archives/edgar/data/0001568100/000156810024000058/pd-20240430.htm
PD,https://www.sec.gov/ix?doc=/Archives/edgar/data/0001568100/000156810024000021/pd-20240131.htm
PD,https://www.sec.gov/ix?doc=/Archives/edgar/data/0001568100/000156810024000013/pd-20240131.htm
PD,https://www.sec.gov/ix?doc=/Archives/edgar/data/0001568100/000162828023040445/pd-20231031.htm
PD,https://www.sec.gov/ix?doc=/Archives/edgar/data/0001568100/000156810023000045/pd-20230731.htm
PD,https://www.sec.gov/ix?doc=/Archives/edgar/data/0001568100/000156810023000034/pd-20230430.htm
PD,https://www.sec.gov/ix?doc=/Archives/edgar/data/0001568100/000156810023000013/pd-20230131.htm
PD,https://www.sec.gov/ix?doc=/Archives/edgar/data/0001568100/000156810022000050/pd-20221031.htm
PD,https://www.sec.gov/ix?doc=/Archives/edgar/data/0001568100/000156810022000044/pd-20220731.htm
PD,https://www.sec.gov/ix?doc=/Archives/edgar/data/0001568100/000156810022000029/pd-20220430.htm
PD,https://www.sec.gov/ix?doc=/Archives/edgar/data/0001568100/000156810022000014/pd-20220131.htm
PD,https://www.sec.gov/ix?doc=/Archives/edgar/data/0001568100/000156810021000047/pd-20211031.htm
PD,https://www.sec.gov/ix?doc=/Archives/edgar/data/0001568100/000156810021000037/pd-20210731.htm
PD,https://www.sec.gov/ix?doc=/Archives/edgar/data/0001568100/000156810021000029/pd-20210430.htm
PD,https://www.sec.gov/ix?doc=/Archives/edgar/data/0001568100/000156810021000011/pd-20210131.htm
PD,https://www.sec.gov/ix?doc=/Archives/edgar/data/0001568100/000156810020000058/pd-20201031.htm
PD,https://www.sec.gov/ix?doc=/Archives/edgar/data/0001568100/000156810020000041/pd-20200731.htm
PD,https://www.sec.gov/ix?doc=/Archives/edgar/data/0001568100/000156810020000028/pagerdutyq1fy2021-10q.htm
PD,https://www.sec.gov/ix?doc=/Archives/edgar/data/0001568100/000156810020000013/pagerdutyq42020-10k.htm
PD,https://www.sec.gov/ix?doc=/Archives/edgar/data/0001568100/000156810019000020/pagerdutyq32019-10q.htm
PD,https://www.sec.gov/ix?doc=/Archives/edgar/data/0001568100/000156810019000014/pagerdutyq22019-10q.htm
PD,https://www.sec.gov/ix?doc=/Archives/edgar/data/0001568100/000156810019000008/pagerdutyq-12019x10q.htm
AMPL,https://www.sec.gov/ix?doc=/Archives/edgar/data/0001866692/000095017024123339/ampl-20240930.htm
AMPL,https://www.sec.gov/ix?doc=/Archives/edgar/data/0001866692/000095017024093925/ampl-20240630.htm
AMPL,https://www.sec.gov/ix?doc=/Archives/edgar/data/0001866692/000095017024056922/ampl-20240331.htm
AMPL,https://www.sec.gov/ix?doc=/Archives/edgar/data/0001866692/000095017024017102/ampl-20231231.htm
AMPL,https://www.sec.gov/ix?doc=/Archives/edgar/data/0001866692/000095017023060240/ampl-20230930.htm
AMPL,https://www.sec.gov/ix?doc=/Archives/edgar/data/0001866692/000095017023039800/ampl-20230630.htm
AMPL,https://www.sec.gov/ix?doc=/Archives/edgar/data/0001866692/000095017023020495/ampl-20230331.htm
AMPL,https://www.sec.gov/ix?doc=/Archives/edgar/data/0001866692/000095017023003045/ampl-20221231.htm
AMPL,https://www.sec.gov/ix?doc=/Archives/edgar/data/0001866692/000095017022021850/ampl-20220930.htm
AMPL,https://www.sec.gov/ix?doc=/Archives/edgar/data/0001866692/000095017022014805/ampl-20220630.htm
AMPL,https://www.sec.gov/ix?doc=/Archives/edgar/data/0001866692/000095017022007901/ampl-20220331.htm
AMPL,https://www.sec.gov/ix?doc=/Archives/edgar/data/0001866692/000095017022001372/ampl-20211231.htm
AMPL,https://www.sec.gov/ix?doc=/Archives/edgar/data/0001866692/000095017021003770/ampl-20210930.htm
CMPO,https://www.sec.gov/ix?doc=/Archives/edgar/data/0001823144/000182314424000012/cmpo-20240930.htm
CMPO,https://www.sec.gov/ix?doc=/Archives/edgar/data/0001823144/000182314424000007/cmpo-20240630.htm
CMPO,https://www.sec.gov/ix?doc=/Archives/edgar/data/0001823144/000182314424000004/cmpo-20240331.htm
CMPO,https://www.sec.gov/ix?doc=/Archives/edgar/data/0001823144/000182314424000002/cmpo-20231231.htm
CMPO,https://www.sec.gov/ix?doc=/Archives/edgar/data/0001823144/000182314423000014/cmpo-20230930.htm
CMPO,https://www.sec.gov/ix?doc=/Archives/edgar/data/0001823144/000182314423000011/cmpo-20230630.htm
CMPO,https://www.sec.gov/ix?doc=/Archives/edgar/data/0001823144/000182314423000008/cmpo-20230331.htm
CMPO,https://www.sec.gov/ix?doc=/Archives/edgar/data/0001823144/000182314423000006/cmpo-20221231.htm
CMPO,https://www.sec.gov/ix?doc=/Archives/edgar/data/0001823144/000182314422000015/cmpo-20220930.htm
CMPO,https://www.sec.gov/ix?doc=/Archives/edgar/data/0001823144/000182314422000011/cmpo-20220630.htm
CMPO,https://www.sec.gov/ix?doc=/Archives/edgar/data/0001823144/000182314422000008/cmpo-20220331.htm
CMPO,https://www.sec.gov/ix?doc=/Archives/edgar/data/0001823144/000182314422000005/comp-20211231.htm
CMPO,https://www.sec.gov/Archives/edgar/data/0001823144/000110465921142283/tm2133505d1_10ka.htm
CMPO,https://www.sec.gov/ix?doc=/Archives/edgar/data/0001823144/000110465921139224/tmb-20210930x10q.htm
CMPO,https://www.sec.gov/ix?doc=/Archives/edgar/data/0001823144/000110465921105212/tmb-20210630x10q.htm
CMPO,https://www.sec.gov/Archives/edgar/data/0001823144/000110465921071488/tm2113992d1_10q.htm
CMPO,https://www.sec.gov/Archives/edgar/data/0001823144/000110465921071485/tm2117113d1_10ka.htm
CMPO,https://www.sec.gov/Archives/edgar/data/0001823144/000110465921068139/tm2113992d3_nt10q.htm
CMPO,https://www.sec.gov/Archives/edgar/data/0001823144/000110465921042920/tm218734d1_10k.htm
CMPO,https://www.sec.gov/Archives/edgar/data/0001823144/000110465920137539/tm2038383d1_10q.htm
WEAV,https://www.sec.gov/ix?doc=/Archives/edgar/data/0001609151/000160915124000149/weav-20240930.htm
WEAV,https://www.sec.gov/ix?doc=/Archives/edgar/data/0001609151/000160915124000093/weav-20240630.htm
WEAV,https://www.sec.gov/ix?doc=/Archives/edgar/data/0001609151/000160915124000050/weav-20240331.htm
WEAV,https://www.sec.gov/ix?doc=/Archives/edgar/data/0001609151/000160915124000021/weav-20231231.htm
WEAV,https://www.sec.gov/ix?doc=/Archives/edgar/data/0001609151/000160915123000031/weav-20230930.htm
WEAV,https://www.sec.gov/ix?doc=/Archives/edgar/data/0001609151/000160915123000027/weav-20230630.htm
WEAV,https://www.sec.gov/ix?doc=/Archives/edgar/data/0001609151/000160915123000021/weav-20230331.htm
WEAV,https://www.sec.gov/ix?doc=/Archives/edgar/data/0001609151/000160915123000004/weav-20221231.htm
WEAV,https://www.sec.gov/ix?doc=/Archives/edgar/data/0001609151/000160915122000052/weav-20220930.htm
WEAV,https://www.sec.gov/ix?doc=/Archives/edgar/data/0001609151/000160915122000033/weav-20220630.htm
WEAV,https://www.sec.gov/ix?doc=/Archives/edgar/data/0001609151/000160915122000025/weav-20220331.htm
WEAV,https://www.sec.gov/ix?doc=/Archives/edgar/data/0001609151/000160915122000008/weav-20211231.htm
WEAV,https://www.sec.gov/ix?doc=/Archives/edgar/data/0001609151/000160915121000006/weav-20210930.htm
EGHT,https://www.sec.gov/ix?doc=/Archives/edgar/data/0001023731/000102373125000006/eght-20241231.htm
EGHT,https://www.sec.gov/ix?doc=/Archives/edgar/data/0001023731/000102373124000120/eght-20240930.htm
EGHT,https://www.sec.gov/ix?doc=/Archives/edgar/data/0001023731/000102373124000073/eght-20240630.htm
EGHT,https://www.sec.gov/ix?doc=/Archives/edgar/data/0001023731/000102373124000042/eght-20240331.htm
EGHT,https://www.sec.gov/ix?doc=/Archives/edgar/data/0001023731/000102373124000006/eght-20231231.htm
EGHT,https://www.sec.gov/ix?doc=/Archives/edgar/data/0001023731/000102373123000151/eght-20230930.htm
EGHT,https://www.sec.gov/ix?doc=/Archives/edgar/data/0001023731/000102373123000129/eght-20230630.htm
EGHT,https://www.sec.gov/ix?doc=/Archives/edgar/data/0001023731/000102373123000061/eght-20230331.htm
EGHT,https://www.sec.gov/ix?doc=/Archives/edgar/data/0001023731/000102373123000020/eght-20221231.htm
EGHT,https://www.sec.gov/ix?doc=/Archives/edgar/data/0001023731/000102373122000214/eght-20220930.htm
EGHT,https://www.sec.gov/ix?doc=/Archives/edgar/data/0001023731/000102373122000169/eght-20220630.htm
EGHT,https://www.sec.gov/ix?doc=/Archives/edgar/data/0001023731/000102373122000087/eght-20220331.htm
EGHT,https://www.sec.gov/ix?doc=/Archives/edgar/data/0001023731/000102373122000034/eght-20211231.htm
EGHT,https://www.sec.gov/ix?doc=/Archives/edgar/data/0001023731/000102373121000243/eght-20210930.htm
EGHT,https://www.sec.gov/ix?doc=/Archives/edgar/data/0001023731/000102373121000161/eght-20210630.htm
EGHT,https://www.sec.gov/ix?doc=/Archives/edgar/data/0001023731/000102373121000091/eght-20210331.htm
EGHT,https://www.sec.gov/ix?doc=/Archives/edgar/data/0001023731/000102373121000035/eght-20201231.htm
EGHT,https://www.sec.gov/ix?doc=/Archives/edgar/data/0001023731/000102373120000179/eght-20200930.htm
EGHT,https://www.sec.gov/ix?doc=/Archives/edgar/data/0001023731/000102373120000106/a8x8630202010-qq1.htm
EGHT,https://www.sec.gov/ix?doc=/Archives/edgar/data/0001023731/000102373120000049/a8x8331202010-k.htm
EGHT,https://www.sec.gov/ix?doc=/Archives/edgar/data/0001023731/000102373120000020/a8x81231201910-qq3.htm
EGHT,https://www.sec.gov/ix?doc=/Archives/edgar/data/0001023731/000102373119000146/a8x89301910-qq2.htm
EGHT,https://www.sec.gov/ix?doc=/Archives/edgar/data/0001023731/000102373119000079/a8x86301910-qq1.htm
EGHT,https://www.sec.gov/Archives/edgar/data/0001023731/000102373119000037/a10-kdocument.htm
EGHT,https://www.sec.gov/Archives/edgar/data/0001023731/000102373119000008/a8x812311810-qq3.htm
EGHT,https://www.sec.gov/Archives/edgar/data/0001023731/000113626118000295/form10q.htm
EGHT,https://www.sec.gov/Archives/edgar/data/0001023731/000113626118000201/form10q.htm
EGHT,https://www.sec.gov/Archives/edgar/data/0001023731/000113626118000158/body10k.htm
EGHT,https://www.sec.gov/Archives/edgar/data/0001023731/000113626118000022/form10q.htm
EGHT,https://www.sec.gov/Archives/edgar/data/0001023731/000113626117000248/form10q.htm
EGHT,https://www.sec.gov/Archives/edgar/data/0001023731/000113626117000162/form10q.htm
EGHT,https://www.sec.gov/Archives/edgar/data/0001023731/000113626117000117/body10k.htm
EGHT,https://www.sec.gov/Archives/edgar/data/0001023731/000113626117000025/form10q.htm
EGHT,https://www.sec.gov/Archives/edgar/data/0001023731/000113626116000648/form10q.htm
EGHT,https://www.sec.gov/Archives/edgar/data/0001023731/000113626116000571/form10q.htm
EGHT,https://www.sec.gov/Archives/edgar/data/0001023731/000113626116000536/body10ka.htm
EGHT,https://www.sec.gov/Archives/edgar/data/0001023731/000113626116000496/body10k.htm
EGHT,https://www.sec.gov/Archives/edgar/data/0001023731/000113626116000381/form10q.htm
EGHT,https://www.sec.gov/Archives/edgar/data/0001023731/000113626115000300/form10q.htm
EGHT,https://www.sec.gov/Archives/edgar/data/0001023731/000113626115000236/form10q.htm
EGHT,https://www.sec.gov/Archives/edgar/data/0001023731/000113626115000166/body10k.htm
EGHT,https://www.sec.gov/Archives/edgar/data/0001023731/000113626115000022/form10q.htm
EGHT,https://www.sec.gov/Archives/edgar/data/0001023731/000113626114000441/form10q.htm
EGHT,https://www.sec.gov/Archives/edgar/data/0001023731/000113626114000326/form10q.htm
EGHT,https://www.sec.gov/Archives/edgar/data/0001023731/000113626114000239/body10k.htm
EGHT,https://www.sec.gov/Archives/edgar/data/0001023731/000113626114000037/form10q.htm
MLNK,https://www.sec.gov/ix?doc=/Archives/edgar/data/0001834494/000183449424000165/mlnk-20240930.htm
MLNK,https://www.sec.gov/ix?doc=/Archives/edgar/data/0001834494/000183449424000131/mlnk-20240630.htm
MLNK,https://www.sec.gov/ix?doc=/Archives/edgar/data/0001834494/000183449424000084/mlnk-20240331.htm
MLNK,https://www.sec.gov/ix?doc=/Archives/edgar/data/0001834494/000183449424000038/mlnk-20231231.htm
MLNK,https://www.sec.gov/ix?doc=/Archives/edgar/data/0001834494/000183449423000132/mlnk-20230930.htm
MLNK,https://www.sec.gov/ix?doc=/Archives/edgar/data/0001834494/000183449423000102/mlnk-20230630.htm
MLNK,https://www.sec.gov/ix?doc=/Archives/edgar/data/0001834494/000183449423000060/mlnk-20230331.htm
MLNK,https://www.sec.gov/ix?doc=/Archives/edgar/data/0001834494/000183449423000026/mlnk-20221231.htm
MLNK,https://www.sec.gov/ix?doc=/Archives/edgar/data/0001834494/000183449422000109/mlnk-20220930.htm
MLNK,https://www.sec.gov/ix?doc=/Archives/edgar/data/0001834494/000183449422000093/mlnk-20220630.htm
MLNK,https://www.sec.gov/ix?doc=/Archives/edgar/data/0001834494/000183449422000038/mlnk-20220331.htm
MLNK,https://www.sec.gov/ix?doc=/Archives/edgar/data/0001834494/000183449422000015/mlnk-20211231.htm
MLNK,https://www.sec.gov/ix?doc=/Archives/edgar/data/0001834494/000183449421000019/mlnk-20210930.htm
MLNK,https://www.sec.gov/ix?doc=/Archives/edgar/data/0001834494/000119312521282240/d118616d10qa.htm
MLNK,https://www.sec.gov/Archives/edgar/data/0001834494/000119312521266680/d118616d10q.htm
PD,https://www.sec.gov/ix?doc=/Archives/edgar/data/0001568100/000156810024000139/pd-20241031.htm
PD,https://www.sec.gov/ix?doc=/Archives/edgar/data/0001568100/000156810024000109/pd-20240731.htm
PD,https://www.sec.gov/ix?doc=/Archives/edgar/data/0001568100/000156810024000058/pd-20240430.htm
PD,https://www.sec.gov/ix?doc=/Archives/edgar/data/0001568100/000156810024000021/pd-20240131.htm
PD,https://www.sec.gov/ix?doc=/Archives/edgar/data/0001568100/000156810024000013/pd-20240131.htm
PD,https://www.sec.gov/ix?doc=/Archives/edgar/data/0001568100/000162828023040445/pd-20231031.htm
PD,https://www.sec.gov/ix?doc=/Archives/edgar/data/0001568100/000156810023000045/pd-20230731.htm
PD,https://www.sec.gov/ix?doc=/Archives/edgar/data/0001568100/000156810023000034/pd-20230430.htm
PD,https://www.sec.gov/ix?doc=/Archives/edgar/data/0001568100/000156810023000013/pd-20230131.htm
PD,https://www.sec.gov/ix?doc=/Archives/edgar/data/0001568100/000156810022000050/pd-20221031.htm
PD,https://www.sec.gov/ix?doc=/Archives/edgar/data/0001568100/000156810022000044/pd-20220731.htm
PD,https://www.sec.gov/ix?doc=/Archives/edgar/data/0001568100/000156810022000029/pd-20220430.htm
PD,https://www.sec.gov/ix?doc=/Archives/edgar/data/0001568100/000156810022000014/pd-20220131.htm
PD,https://www.sec.gov/ix?doc=/Archives/edgar/data/0001568100/000156810021000047/pd-20211031.htm
PD,https://www.sec.gov/ix?doc=/Archives/edgar/data/0001568100/000156810021000037/pd-20210731.htm
PD,https://www.sec.gov/ix?doc=/Archives/edgar/data/0001568100/000156810021000029/pd-20210430.htm
PD,https://www.sec.gov/ix?doc=/Archives/edgar/data/0001568100/000156810021000011/pd-20210131.htm
PD,https://www.sec.gov/ix?doc=/Archives/edgar/data/0001568100/000156810020000058/pd-20201031.htm
PD,https://www.sec.gov/ix?doc=/Archives/edgar/data/0001568100/000156810020000041/pd-20200731.htm
PD,https://www.sec.gov/ix?doc=/Archives/edgar/data/0001568100/000156810020000028/pagerdutyq1fy2021-10q.htm
PD,https://www.sec.gov/ix?doc=/Archives/edgar/data/0001568100/000156810020000013/pagerdutyq42020-10k.htm
PD,https://www.sec.gov/ix?doc=/Archives/edgar/data/0001568100/000156810019000020/pagerdutyq32019-10q.htm
PD,https://www.sec.gov/ix?doc=/Archives/edgar/data/0001568100/000156810019000014/pagerdutyq22019-10q.htm
PD,https://www.sec.gov/ix?doc=/Archives/edgar/data/0001568100/000156810019000008/pagerdutyq-12019x10q.htm
AMPL,https://www.sec.gov/ix?doc=/Archives/edgar/data/0001866692/000095017024123339/ampl-20240930.htm
AMPL,https://www.sec.gov/ix?doc=/Archives/edgar/data/0001866692/000095017024093925/ampl-20240630.htm
AMPL,https://www.sec.gov/ix?doc=/Archives/edgar/data/0001866692/000095017024056922/ampl-20240331.htm
AMPL,https://www.sec.gov/ix?doc=/Archives/edgar/data/0001866692/000095017024017102/ampl-20231231.htm
AMPL,https://www.sec.gov/ix?doc=/Archives/edgar/data/0001866692/000095017023060240/ampl-20230930.htm
AMPL,https://www.sec.gov/ix?doc=/Archives/edgar/data/0001866692/000095017023039800/ampl-20230630.htm
AMPL,https://www.sec.gov/ix?doc=/Archives/edgar/data/0001866692/000095017023020495/ampl-20230331.htm
AMPL,https://www.sec.gov/ix?doc=/Archives/edgar/data/0001866692/000095017023003045/ampl-20221231.htm
AMPL,https://www.sec.gov/ix?doc=/Archives/edgar/data/0001866692/000095017022021850/ampl-20220930.htm
AMPL,https://www.sec.gov/ix?doc=/Archives/edgar/data/0001866692/000095017022014805/ampl-20220630.htm
AMPL,https://www.sec.gov/ix?doc=/Archives/edgar/data/0001866692/000095017022007901/ampl-20220331.htm
AMPL,https://www.sec.gov/ix?doc=/Archives/edgar/data/0001866692/000095017022001372/ampl-20211231.htm
AMPL,https://www.sec.gov/ix?doc=/Archives/edgar/data/0001866692/000095017021003770/ampl-20210930.htm
WEAV,https://www.sec.gov/ix?doc=/Archives/edgar/data/0001609151/000160915124000149/weav-20240930.htm
WEAV,https://www.sec.gov/ix?doc=/Archives/edgar/data/0001609151/000160915124000093/weav-20240630.htm
WEAV,https://www.sec.gov/ix?doc=/Archives/edgar/data/0001609151/000160915124000050/weav-20240331.htm
WEAV,https://www.sec.gov/ix?doc=/Archives/edgar/data/0001609151/000160915124000021/weav-20231231.htm
WEAV,https://www.sec.gov/ix?doc=/Archives/edgar/data/0001609151/000160915123000031/weav-20230930.htm
WEAV,https://www.sec.gov/ix?doc=/Archives/edgar/data/0001609151/000160915123000027/weav-20230630.htm
WEAV,https://www.sec.gov/ix?doc=/Archives/edgar/data/0001609151/000160915123000021/weav-20230331.htm
WEAV,https://www.sec.gov/ix?doc=/Archives/edgar/data/0001609151/000160915123000004/weav-20221231.htm
WEAV,https://www.sec.gov/ix?doc=/Archives/edgar/data/0001609151/000160915122000052/weav-20220930.htm
WEAV,https://www.sec.gov/ix?doc=/Archives/edgar/data/0001609151/000160915122000033/weav-20220630.htm
WEAV,https://www.sec.gov/ix?doc=/Archives/edgar/data/0001609151/000160915122000025/weav-20220331.htm
WEAV,https://www.sec.gov/ix?doc=/Archives/edgar/data/0001609151/000160915122000008/weav-20211231.htm
WEAV,https://www.sec.gov/ix?doc=/Archives/edgar/data/0001609151/000160915121000006/weav-20210930.htm
